{"cameraMode":{"drawMode":0,"name":"Shaded","section":"Shading Mode"},"sceneLighting":true,"audioPlay":false,"sceneViewState":{"showFog":true,"showMaterialUpdate":false,"showSkybox":true,"showFlares":true,"showImageEffects":true,"showParticleSystems":true},"in2DMode":false,"pivot":{"x":486.9081726074219,"y":66.64156341552735,"z":172.50665283203126},"rotation":{"x":-0.04228706657886505,"y":-0.021880900487303735,"z":0.0009264182881452143,"w":-0.9988654851913452},"size":884.2886352539063,"orthographic":false}