{"cameraMode":{"drawMode":0,"name":"Shaded","section":"Shading Mode"},"sceneLighting":true,"audioPlay":false,"sceneViewState":{"showFog":true,"showMaterialUpdate":false,"showSkybox":true,"showFlares":true,"showImageEffects":true,"showParticleSystems":true},"in2DMode":false,"pivot":{"x":569.6069946289063,"y":275.2697448730469,"z":333.62939453125},"rotation":{"x":0.02099844440817833,"y":-0.005999213084578514,"z":0.00012595151201821864,"w":0.9997615218162537},"size":889.9017944335938,"orthographic":false}